{
    "loss": 0.48061972856521606,
    "accuracy": 0.7820512652397156
}